{"extensionType":"field_faas","i18nMap":{"zh-CN":{"param_image_label":"图片","param_prompt_label":"提示词","param_model_label":"型号"}},"fields":[{"fieldType":17,"uiSchema":{"fieldsConfigEditor":{"component":"OpenFieldMetaEditor","props":{"schema":{"authorizations":[{"id":"auth_id_1","platform":"baidu","type":"HeaderBearerToken","required":false,"instructionsUrl":"https://www.saas.jcbbi.com/","label":"测试授权","icon":{"light":"","dark":""},"isRequired":false,"authType":"APIKey"}],"items":[{"key":"imageUrl1","label":"${{param_image_label}}","component":"FieldSelect","props":{"supportType":[17]},"validator":{"required":true}},{"key":"imageUrl2","label":"${{param_image_label}}","component":"FieldSelect","props":{"supportType":[17]},"validator":{"required":false}},{"key":"imageUrl3","label":"${{param_image_label}}","component":"FieldSelect","props":{"supportType":[17]},"validator":{"required":false}},{"key":"imageUrl4","label":"${{param_image_label}}","component":"FieldSelect","props":{"supportType":[17]},"validator":{"required":false}},{"key":"imageUrl5","label":"${{param_image_label}}","component":"FieldSelect","props":{"supportType":[17]},"validator":{"required":false}},{"key":"prompt","label":"${{param_prompt_label}}","component":"Text","props":{"placeholder":"请输入图片编辑指令"},"validator":{"required":true}},{"key":"model","label":"${{param_model_label}}","component":"Text","props":{"placeholder":"请输入型号"},"validator":{"required":true}}]}}}},"presetFieldConfig":{"fieldProperty":{"propertyType":17,"properties":[]},"externalEditorConfig":{}},"disableAutoUpdate":false}]}